bv_id,title,creator_uid,creator_name,category_tid,category_name,play_count,like_count,coin_count,favorite_count,share_count,interaction_rate,publish_date,collected_at,source,ranking_position
BV1000001,动画热门视频_01,100007,动画UP_007,1,动画,3321608,393060,28740,30125,14544,0.1404,2025-02-12,2025-11-05 15:19:23,模拟数据,1
BV1000002,动画热门视频_02,100015,动画UP_015,1,动画,18308,2597,113,195,145,0.1666,2024-12-22,2025-11-05 15:19:23,模拟数据,2
BV1000003,动画热门视频_03,100076,动画UP_076,1,动画,291475,14963,2423,7279,1784,0.0907,2025-03-18,2025-11-05 15:19:23,模拟数据,3
BV1000004,动画热门视频_04,100084,动画UP_084,1,动画,4932035,485244,84163,64113,22106,0.1329,2025-08-29,2025-11-05 15:19:23,模拟数据,4
BV1000005,动画热门视频_05,100084,动画UP_084,1,动画,407596,32808,11900,4111,2908,0.1269,2024-11-16,2025-11-05 15:19:23,模拟数据,5
BV1000006,动画热门视频_06,100046,动画UP_046,1,动画,915498,80531,26647,12138,2389,0.1329,2025-02-07,2025-11-05 15:19:23,模拟数据,6
BV1000007,动画热门视频_07,100040,动画UP_040,1,动画,1201573,123157,30853,29536,8258,0.1596,2025-07-06,2025-11-05 15:19:23,模拟数据,7
BV1000008,动画热门视频_08,100063,动画UP_063,1,动画,4348818,361058,84156,59950,5379,0.1174,2025-04-13,2025-11-05 15:19:23,模拟数据,8
BV1000009,动画热门视频_09,100128,动画UP_128,1,动画,2487512,336461,47391,20789,8371,0.166,2024-12-13,2025-11-05 15:19:23,模拟数据,9
BV1000010,动画热门视频_10,100033,动画UP_033,1,动画,3296530,130102,98370,36429,21083,0.0868,2025-04-05,2025-11-05 15:19:23,模拟数据,10
BV1000011,动画热门视频_11,100100,动画UP_100,1,动画,2032862,197694,20113,38261,8742,0.1303,2025-09-15,2025-11-05 15:19:23,模拟数据,11
BV1000012,动画热门视频_12,100116,动画UP_116,1,动画,843894,112074,9870,7963,2754,0.1572,2025-10-30,2025-11-05 15:19:23,模拟数据,12
BV1000013,动画热门视频_13,100047,动画UP_047,1,动画,2969377,112539,43560,56422,20637,0.0785,2025-03-23,2025-11-05 15:19:23,模拟数据,13
BV1000014,动画热门视频_14,100121,动画UP_121,1,动画,3454608,280777,77982,68777,15639,0.1283,2025-02-09,2025-11-05 15:19:23,模拟数据,14
BV1000015,动画热门视频_15,100021,动画UP_021,1,动画,352803,50074,8227,3152,1510,0.1785,2025-11-02,2025-11-05 15:19:23,模拟数据,15
BV1000016,动画热门视频_16,100123,动画UP_123,1,动画,4086425,604250,55773,77691,29686,0.1878,2025-07-28,2025-11-05 15:19:23,模拟数据,16
BV1000017,动画热门视频_17,100118,动画UP_118,1,动画,1401524,32948,21521,27298,10578,0.0659,2025-06-24,2025-11-05 15:19:23,模拟数据,17
BV1000018,动画热门视频_18,100026,动画UP_026,1,动画,1822441,201459,31881,16964,3630,0.1393,2025-05-11,2025-11-05 15:19:23,模拟数据,18
BV1000019,动画热门视频_19,100092,动画UP_092,1,动画,937693,85620,25362,16787,6830,0.1435,2025-10-06,2025-11-05 15:19:23,模拟数据,19
BV1000020,动画热门视频_20,100048,动画UP_048,1,动画,4884390,304515,109593,52502,15073,0.0986,2024-11-17,2025-11-05 15:19:23,模拟数据,20
BV1000021,动画热门视频_21,100120,动画UP_120,1,动画,586623,61343,13627,7739,1925,0.1443,2025-01-23,2025-11-05 15:19:23,模拟数据,21
BV1000022,动画热门视频_22,100067,动画UP_067,1,动画,757514,84605,17938,8545,1147,0.1482,2025-01-06,2025-11-05 15:19:23,模拟数据,22
BV1000023,动画热门视频_23,100082,动画UP_082,1,动画,3493563,366571,24144,78733,8351,0.1368,2025-01-14,2025-11-05 15:19:23,模拟数据,23
BV1000024,动画热门视频_24,100084,动画UP_084,1,动画,4625057,143982,103052,89508,9702,0.0749,2025-09-16,2025-11-05 15:19:23,模拟数据,24
BV1000025,动画热门视频_25,100121,动画UP_121,1,动画,3017142,125698,75187,53392,5349,0.0861,2025-07-16,2025-11-05 15:19:23,模拟数据,25
BV1000026,动画热门视频_26,100028,动画UP_028,1,动画,312344,13047,3669,5451,456,0.0724,2025-09-04,2025-11-05 15:19:23,模拟数据,26
BV1000027,动画热门视频_27,100011,动画UP_011,1,动画,2686145,132537,56798,24165,9798,0.0831,2024-11-22,2025-11-05 15:19:23,模拟数据,27
BV1000028,动画热门视频_28,100102,动画UP_102,1,动画,1639691,175781,39198,22478,5462,0.1481,2025-02-15,2025-11-05 15:19:23,模拟数据,28
BV1000029,动画热门视频_29,100112,动画UP_112,1,动画,630020,34401,9385,9817,1080,0.0868,2025-01-04,2025-11-05 15:19:23,模拟数据,29
BV1000030,动画热门视频_30,100084,动画UP_084,1,动画,766334,36817,10584,13977,4162,0.0855,2025-06-08,2025-11-05 15:19:23,模拟数据,30
BV1000031,音乐热门视频_01,100170,音乐UP_037,3,音乐,4409089,98812,102360,77153,30335,0.07,2024-12-03,2025-11-05 15:19:23,模拟数据,1
BV1000032,音乐热门视频_02,100145,音乐UP_012,3,音乐,3778854,99132,25863,92438,7811,0.0596,2025-02-15,2025-11-05 15:19:23,模拟数据,2
BV1000033,音乐热门视频_03,100220,音乐UP_087,3,音乐,3872675,339749,93155,62721,18913,0.1329,2024-12-10,2025-11-05 15:19:23,模拟数据,3
BV1000034,音乐热门视频_04,100188,音乐UP_055,3,音乐,1326202,104129,11025,16142,9845,0.1064,2025-06-20,2025-11-05 15:19:23,模拟数据,4
BV1000035,音乐热门视频_05,100222,音乐UP_089,3,音乐,620740,44763,6015,14509,2548,0.1093,2025-04-03,2025-11-05 15:19:23,模拟数据,5
BV1000036,音乐热门视频_06,100146,音乐UP_013,3,音乐,3447188,179694,102700,59634,17245,0.1042,2025-05-11,2025-11-05 15:19:23,模拟数据,6
BV1000037,音乐热门视频_07,100140,音乐UP_007,3,音乐,1925439,44995,28648,21746,13104,0.0563,2024-12-14,2025-11-05 15:19:23,模拟数据,7
BV1000038,音乐热门视频_08,100220,音乐UP_087,3,音乐,1945681,91383,43023,42195,9241,0.0955,2025-06-29,2025-11-05 15:19:23,模拟数据,8
BV1000039,音乐热门视频_09,100144,音乐UP_011,3,音乐,238543,30428,2935,5239,1105,0.1665,2025-05-20,2025-11-05 15:19:23,模拟数据,9
BV1000040,音乐热门视频_10,100218,音乐UP_085,3,音乐,3572465,451899,57967,76177,20121,0.1697,2025-07-06,2025-11-05 15:19:23,模拟数据,10
BV1000041,音乐热门视频_11,100171,音乐UP_038,3,音乐,3073259,214478,46854,59696,8080,0.1071,2025-09-19,2025-11-05 15:19:23,模拟数据,11
BV1000042,音乐热门视频_12,100221,音乐UP_088,3,音乐,1279077,62623,7112,24372,5424,0.0778,2025-09-22,2025-11-05 15:19:23,模拟数据,12
BV1000043,音乐热门视频_13,100176,音乐UP_043,3,音乐,2823972,68435,16233,67160,10029,0.0573,2025-01-02,2025-11-05 15:19:23,模拟数据,13
BV1000044,音乐热门视频_14,100193,音乐UP_060,3,音乐,3277413,407574,76452,54898,4162,0.1657,2025-09-20,2025-11-05 15:19:23,模拟数据,14
BV1000045,音乐热门视频_15,100174,音乐UP_041,3,音乐,530257,31492,15376,4660,856,0.0988,2025-03-29,2025-11-05 15:19:23,模拟数据,15
BV1000046,音乐热门视频_16,100208,音乐UP_075,3,音乐,1455219,80864,22864,34630,2732,0.097,2025-03-26,2025-11-05 15:19:23,模拟数据,16
BV1000047,音乐热门视频_17,100222,音乐UP_089,3,音乐,1386994,132842,12767,33858,8829,0.1358,2025-06-05,2025-11-05 15:19:23,模拟数据,17
BV1000048,音乐热门视频_18,100208,音乐UP_075,3,音乐,2623299,115583,31927,36260,20610,0.0779,2025-07-13,2025-11-05 15:19:23,模拟数据,18
BV1000049,音乐热门视频_19,100187,音乐UP_054,3,音乐,3764009,441992,102716,89835,23917,0.1749,2025-05-18,2025-11-05 15:19:23,模拟数据,19
BV1000050,音乐热门视频_20,100156,音乐UP_023,3,音乐,1100735,70001,6433,21129,5231,0.0934,2025-09-29,2025-11-05 15:19:23,模拟数据,20
BV1000051,音乐热门视频_21,100202,音乐UP_069,3,音乐,4167411,430615,102039,84043,24980,0.154,2025-04-09,2025-11-05 15:19:23,模拟数据,21
BV1000052,音乐热门视频_22,100151,音乐UP_018,3,音乐,3453353,198135,78001,50798,3701,0.0957,2025-01-11,2025-11-05 15:19:23,模拟数据,22
BV1000053,音乐热门视频_23,100212,音乐UP_079,3,音乐,592688,82095,12195,10172,1520,0.1788,2025-09-20,2025-11-05 15:19:23,模拟数据,23
BV1000054,音乐热门视频_24,100214,音乐UP_081,3,音乐,1230761,40313,7153,26689,8884,0.0675,2025-08-02,2025-11-05 15:19:23,模拟数据,24
BV1000055,音乐热门视频_25,100138,音乐UP_005,3,音乐,2315730,184087,25535,41167,18161,0.1161,2025-01-01,2025-11-05 15:19:23,模拟数据,25
BV1000056,音乐热门视频_26,100142,音乐UP_009,3,音乐,2916630,385668,33661,27346,15643,0.1585,2025-03-17,2025-11-05 15:19:23,模拟数据,26
BV1000057,音乐热门视频_27,100200,音乐UP_067,3,音乐,1049794,26145,11490,13844,7423,0.0561,2025-09-24,2025-11-05 15:19:23,模拟数据,27
BV1000058,音乐热门视频_28,100199,音乐UP_066,3,音乐,3575890,139107,100076,41761,17469,0.0835,2024-11-05,2025-11-05 15:19:23,模拟数据,28
BV1000059,音乐热门视频_29,100217,音乐UP_084,3,音乐,3862906,407720,48116,82180,25175,0.1458,2025-07-21,2025-11-05 15:19:23,模拟数据,29
BV1000060,音乐热门视频_30,100180,音乐UP_047,3,音乐,2862631,129388,18566,69476,14706,0.0811,2024-12-24,2025-11-05 15:19:23,模拟数据,30
BV1000061,音乐热门视频_31,100192,音乐UP_059,3,音乐,1130405,132192,33655,24959,7236,0.1752,2025-04-28,2025-11-05 15:19:23,模拟数据,31
BV1000062,音乐热门视频_32,100190,音乐UP_057,3,音乐,4746091,266502,126992,41314,8931,0.0935,2025-01-15,2025-11-05 15:19:23,模拟数据,32
BV1000063,音乐热门视频_33,100149,音乐UP_016,3,音乐,545985,38780,9356,8012,738,0.1042,2025-07-27,2025-11-05 15:19:23,模拟数据,33
BV1000064,音乐热门视频_34,100144,音乐UP_011,3,音乐,3785896,393024,90859,89983,9899,0.1542,2025-02-10,2025-11-05 15:19:23,模拟数据,34
BV1000065,音乐热门视频_35,100172,音乐UP_039,3,音乐,389527,11807,3468,3257,912,0.0499,2025-06-13,2025-11-05 15:19:23,模拟数据,35
BV1000066,音乐热门视频_36,100173,音乐UP_040,3,音乐,4843265,687870,81543,98841,11577,0.1817,2025-02-16,2025-11-05 15:19:23,模拟数据,36
BV1000067,音乐热门视频_37,100155,音乐UP_022,3,音乐,1062512,118741,24551,14547,1988,0.1504,2025-11-03,2025-11-05 15:19:23,模拟数据,37
BV1000068,音乐热门视频_38,100164,音乐UP_031,3,音乐,411070,37654,8712,6186,2128,0.133,2025-03-06,2025-11-05 15:19:23,模拟数据,38
BV1000069,音乐热门视频_39,100145,音乐UP_012,3,音乐,3656855,422852,94748,58273,17607,0.1623,2025-07-04,2025-11-05 15:19:23,模拟数据,39
BV1000070,音乐热门视频_40,100143,音乐UP_010,3,音乐,403216,35912,8822,6798,1185,0.1307,2025-02-23,2025-11-05 15:19:23,模拟数据,40
BV1000071,音乐热门视频_41,100212,音乐UP_079,3,音乐,3939753,576393,86321,86719,13364,0.1936,2025-06-14,2025-11-05 15:19:23,模拟数据,41
BV1000072,游戏热门视频_01,100236,游戏UP_009,4,游戏,2936049,220613,42953,36418,17877,0.1083,2025-01-30,2025-11-05 15:19:23,模拟数据,1
BV1000073,游戏热门视频_02,100234,游戏UP_007,4,游戏,251874,20471,3698,5907,1674,0.1261,2025-03-10,2025-11-05 15:19:23,模拟数据,2
BV1000074,游戏热门视频_03,100262,游戏UP_035,4,游戏,1018035,26370,25129,13234,1898,0.0655,2025-03-23,2025-11-05 15:19:23,模拟数据,3
BV1000075,游戏热门视频_04,100282,游戏UP_055,4,游戏,2513113,124468,55735,54884,7639,0.0966,2025-04-05,2025-11-05 15:19:23,模拟数据,4
BV1000076,游戏热门视频_05,100264,游戏UP_037,4,游戏,125935,15895,3648,2741,313,0.1794,2024-11-05,2025-11-05 15:19:23,模拟数据,5
BV1000077,游戏热门视频_06,100294,游戏UP_067,4,游戏,1481379,93046,23657,27670,8909,0.1035,2025-05-16,2025-11-05 15:19:23,模拟数据,6
BV1000078,游戏热门视频_07,100296,游戏UP_069,4,游戏,4660463,170548,56850,85889,25675,0.0727,2025-02-09,2025-11-05 15:19:23,模拟数据,7
BV1000079,游戏热门视频_08,100246,游戏UP_019,4,游戏,3517403,503625,63125,52571,10715,0.1791,2025-06-25,2025-11-05 15:19:23,模拟数据,8
BV1000080,游戏热门视频_09,100238,游戏UP_011,4,游戏,3859527,502124,82408,48761,18394,0.1689,2025-05-16,2025-11-05 15:19:23,模拟数据,9
BV1000081,游戏热门视频_10,100255,游戏UP_028,4,游戏,2396055,124042,24214,53091,12303,0.0892,2025-08-04,2025-11-05 15:19:23,模拟数据,10
BV1000082,游戏热门视频_11,100300,游戏UP_073,4,游戏,118422,9029,2341,1464,852,0.1156,2025-07-05,2025-11-05 15:19:23,模拟数据,11
BV1000083,游戏热门视频_12,100253,游戏UP_026,4,游戏,1671158,141162,26706,40200,11928,0.1316,2025-10-28,2025-11-05 15:19:23,模拟数据,12
BV1000084,游戏热门视频_13,100240,游戏UP_013,4,游戏,675006,23392,14514,9870,3703,0.0763,2025-09-11,2025-11-05 15:19:23,模拟数据,13
BV1000085,游戏热门视频_14,100288,游戏UP_061,4,游戏,2702672,187389,49941,45212,16429,0.1106,2025-03-02,2025-11-05 15:19:23,模拟数据,14
BV1000086,游戏热门视频_15,100312,游戏UP_085,4,游戏,4991809,440816,110521,121259,31832,0.1411,2024-11-08,2025-11-05 15:19:23,模拟数据,15
BV1000087,游戏热门视频_16,100291,游戏UP_064,4,游戏,4229315,343146,29543,69206,20294,0.1093,2025-02-06,2025-11-05 15:19:23,模拟数据,16
BV1000088,游戏热门视频_17,100231,游戏UP_004,4,游戏,2306908,66522,32291,37501,8379,0.0627,2025-02-18,2025-11-05 15:19:23,模拟数据,17
BV1000089,游戏热门视频_18,100283,游戏UP_056,4,游戏,4456424,235306,84534,60362,28305,0.0917,2025-06-22,2025-11-05 15:19:23,模拟数据,18
BV1000090,游戏热门视频_19,100310,游戏UP_083,4,游戏,214566,9369,3221,3986,1213,0.0829,2025-06-09,2025-11-05 15:19:23,模拟数据,19
BV1000091,游戏热门视频_20,100250,游戏UP_023,4,游戏,4803682,604278,68391,105305,33811,0.169,2025-01-19,2025-11-05 15:19:23,模拟数据,20
BV1000092,游戏热门视频_21,100277,游戏UP_050,4,游戏,217110,31848,1248,5002,1726,0.1834,2025-05-18,2025-11-05 15:19:23,模拟数据,21
BV1000093,游戏热门视频_22,100289,游戏UP_062,4,游戏,3640944,324061,72937,49950,29002,0.1307,2025-06-07,2025-11-05 15:19:23,模拟数据,22
BV1000094,游戏热门视频_23,100261,游戏UP_034,4,游戏,4249401,413327,65205,59702,20909,0.1316,2025-04-21,2025-11-05 15:19:23,模拟数据,23
BV1000095,游戏热门视频_24,100286,游戏UP_059,4,游戏,1908424,117484,13028,33389,7668,0.0899,2024-11-10,2025-11-05 15:19:23,模拟数据,24
BV1000096,游戏热门视频_25,100247,游戏UP_020,4,游戏,30523,1698,914,544,76,0.1059,2025-04-27,2025-11-05 15:19:23,模拟数据,25
BV1000097,游戏热门视频_26,100294,游戏UP_067,4,游戏,478185,53503,4945,9504,2075,0.1464,2025-03-03,2025-11-05 15:19:23,模拟数据,26
BV1000098,游戏热门视频_27,100252,游戏UP_025,4,游戏,1933999,173689,24158,18037,7578,0.1155,2025-02-08,2025-11-05 15:19:23,模拟数据,27
BV1000099,游戏热门视频_28,100280,游戏UP_053,4,游戏,3026098,330253,74598,41381,8695,0.1503,2025-10-02,2025-11-05 15:19:23,模拟数据,28
BV1000100,游戏热门视频_29,100296,游戏UP_069,4,游戏,4026840,147604,55155,93151,20756,0.0786,2025-09-21,2025-11-05 15:19:23,模拟数据,29
BV1000101,游戏热门视频_30,100299,游戏UP_072,4,游戏,3629211,503354,104760,30413,11673,0.1792,2025-10-16,2025-11-05 15:19:23,模拟数据,30
BV1000102,游戏热门视频_31,100266,游戏UP_039,4,游戏,1939513,127715,46655,39871,7600,0.1144,2025-07-23,2025-11-05 15:19:23,模拟数据,31
BV1000103,游戏热门视频_32,100230,游戏UP_003,4,游戏,3028308,196976,79032,27594,5889,0.1022,2025-08-12,2025-11-05 15:19:23,模拟数据,32
BV1000104,游戏热门视频_33,100275,游戏UP_048,4,游戏,2025525,124157,28833,20173,6989,0.0889,2025-04-05,2025-11-05 15:19:23,模拟数据,33
BV1000105,游戏热门视频_34,100242,游戏UP_015,4,游戏,4296068,307496,21745,88404,9811,0.0995,2025-01-13,2025-11-05 15:19:23,模拟数据,34
BV1000106,游戏热门视频_35,100284,游戏UP_057,4,游戏,4652849,164580,44271,67870,8331,0.0613,2025-09-29,2025-11-05 15:19:23,模拟数据,35
BV1000107,游戏热门视频_36,100271,游戏UP_044,4,游戏,251809,27030,2204,2942,1526,0.1338,2025-08-03,2025-11-05 15:19:23,模拟数据,36
BV1000108,游戏热门视频_37,100279,游戏UP_052,4,游戏,4202527,275099,65017,62986,13848,0.0992,2025-07-20,2025-11-05 15:19:23,模拟数据,37
BV1000109,游戏热门视频_38,100244,游戏UP_017,4,游戏,4710316,403949,101423,79154,19458,0.1282,2025-02-15,2025-11-05 15:19:23,模拟数据,38
BV1000110,游戏热门视频_39,100303,游戏UP_076,4,游戏,871528,128882,20964,16626,6890,0.1989,2025-04-27,2025-11-05 15:19:23,模拟数据,39
BV1000111,游戏热门视频_40,100315,游戏UP_088,4,游戏,3762135,541439,39455,58149,19026,0.1749,2025-07-24,2025-11-05 15:19:23,模拟数据,40
BV1000112,游戏热门视频_41,100262,游戏UP_035,4,游戏,1226072,27166,16826,17835,8821,0.0576,2025-11-04,2025-11-05 15:19:23,模拟数据,41
BV1000113,游戏热门视频_42,100244,游戏UP_017,4,游戏,2577514,141259,56735,27305,3197,0.0886,2025-08-26,2025-11-05 15:19:23,模拟数据,42
BV1000114,知识热门视频_01,100450,知识UP_134,36,知识,2242766,168403,38582,41662,7650,0.1143,2025-01-01,2025-11-05 15:19:23,模拟数据,1
BV1000115,知识热门视频_02,100433,知识UP_117,36,知识,1791997,209546,27792,39152,2223,0.1555,2025-04-06,2025-11-05 15:19:23,模拟数据,2
BV1000116,知识热门视频_03,100349,知识UP_033,36,知识,3438360,339243,72354,85688,13945,0.1487,2025-01-31,2025-11-05 15:19:23,模拟数据,3
BV1000117,知识热门视频_04,100377,知识UP_061,36,知识,381299,19099,2564,5119,1797,0.075,2025-04-08,2025-11-05 15:19:23,模拟数据,4
BV1000118,知识热门视频_05,100412,知识UP_096,36,知识,428752,49630,9040,8320,1353,0.1594,2024-12-16,2025-11-05 15:19:23,模拟数据,5
BV1000119,知识热门视频_06,100434,知识UP_118,36,知识,1123901,69758,8450,24128,7628,0.0978,2025-03-27,2025-11-05 15:19:23,模拟数据,6
BV1000120,知识热门视频_07,100320,知识UP_004,36,知识,4279881,511013,71757,62833,29924,0.1578,2024-12-09,2025-11-05 15:19:23,模拟数据,7
BV1000121,知识热门视频_08,100410,知识UP_094,36,知识,152847,3637,2367,3361,466,0.0643,2025-08-18,2025-11-05 15:19:23,模拟数据,8
BV1000122,知识热门视频_09,100369,知识UP_053,36,知识,93347,3549,521,2187,260,0.0698,2024-11-05,2025-11-05 15:19:23,模拟数据,9
BV1000123,知识热门视频_10,100392,知识UP_076,36,知识,4705731,215666,66982,53821,32437,0.0784,2025-04-16,2025-11-05 15:19:23,模拟数据,10
BV1000124,知识热门视频_11,100385,知识UP_069,36,知识,3640195,234587,59373,52397,5295,0.0966,2025-08-21,2025-11-05 15:19:23,模拟数据,11
BV1000125,知识热门视频_12,100346,知识UP_030,36,知识,2494692,59415,29976,32319,12123,0.0536,2025-11-04,2025-11-05 15:19:23,模拟数据,12
BV1000126,知识热门视频_13,100371,知识UP_055,36,知识,2178258,50649,55195,28933,13865,0.0682,2025-08-23,2025-11-05 15:19:23,模拟数据,13
BV1000127,知识热门视频_14,100377,知识UP_061,36,知识,675240,83290,14340,7991,1696,0.1589,2024-12-09,2025-11-05 15:19:23,模拟数据,14
BV1000128,知识热门视频_15,100393,知识UP_077,36,知识,251168,25546,2959,5247,836,0.1377,2024-11-15,2025-11-05 15:19:23,模拟数据,15
BV1000129,知识热门视频_16,100427,知识UP_111,36,知识,2991465,320662,36507,62509,4227,0.1417,2025-06-06,2025-11-05 15:19:23,模拟数据,16
BV1000130,知识热门视频_17,100431,知识UP_115,36,知识,130198,11320,1589,1853,274,0.1155,2025-03-31,2025-11-05 15:19:23,模拟数据,17
BV1000131,知识热门视频_18,100417,知识UP_101,36,知识,4764330,105836,120821,72233,12562,0.0654,2025-07-03,2025-11-05 15:19:23,模拟数据,18
BV1000132,知识热门视频_19,100415,知识UP_099,36,知识,729350,103484,7458,16460,1638,0.1769,2025-08-28,2025-11-05 15:19:23,模拟数据,19
BV1000133,知识热门视频_20,100441,知识UP_125,36,知识,948266,19465,12382,21825,2330,0.0591,2025-08-30,2025-11-05 15:19:23,模拟数据,20
BV1000134,知识热门视频_21,100369,知识UP_053,36,知识,3714387,266403,48084,75773,15400,0.1092,2025-09-07,2025-11-05 15:19:23,模拟数据,21
BV1000135,知识热门视频_22,100318,知识UP_002,36,知识,2155353,214262,64300,18677,9125,0.1421,2025-07-10,2025-11-05 15:19:23,模拟数据,22
BV1000136,知识热门视频_23,100401,知识UP_085,36,知识,1689115,48215,10194,33032,11495,0.0609,2025-08-07,2025-11-05 15:19:23,模拟数据,23
BV1000137,知识热门视频_24,100406,知识UP_090,36,知识,21513,1766,453,498,165,0.134,2025-09-10,2025-11-05 15:19:23,模拟数据,24
BV1000138,知识热门视频_25,100340,知识UP_024,36,知识,4395586,459646,110848,67645,14616,0.1485,2025-05-09,2025-11-05 15:19:23,模拟数据,25
BV1000139,知识热门视频_26,100421,知识UP_105,36,知识,3425853,385331,58552,46430,20737,0.1492,2025-06-20,2025-11-05 15:19:23,模拟数据,26
BV1000140,知识热门视频_27,100384,知识UP_068,36,知识,3549843,282739,56742,55190,24544,0.1181,2025-04-26,2025-11-05 15:19:23,模拟数据,27
BV1000141,知识热门视频_28,100419,知识UP_103,36,知识,2545849,257390,25315,35838,13765,0.1305,2024-11-17,2025-11-05 15:19:23,模拟数据,28
BV1000142,知识热门视频_29,100325,知识UP_009,36,知识,3353780,112754,21424,78746,24497,0.0708,2025-10-02,2025-11-05 15:19:23,模拟数据,29
BV1000143,知识热门视频_30,100345,知识UP_029,36,知识,2733482,142048,62704,42016,19986,0.0976,2025-03-11,2025-11-05 15:19:23,模拟数据,30
BV1000144,知识热门视频_31,100446,知识UP_130,36,知识,4848846,300890,53403,60415,30812,0.0919,2025-10-08,2025-11-05 15:19:23,模拟数据,31
BV1000145,知识热门视频_32,100353,知识UP_037,36,知识,1881598,282158,49769,23370,2188,0.19,2025-07-02,2025-11-05 15:19:23,模拟数据,32
BV1000146,知识热门视频_33,100454,知识UP_138,36,知识,1227122,144120,31589,12800,8800,0.1608,2025-04-20,2025-11-05 15:19:23,模拟数据,33
BV1000147,知识热门视频_34,100440,知识UP_124,36,知识,2939879,250530,52576,72843,5736,0.1298,2025-06-09,2025-11-05 15:19:23,模拟数据,34
BV1000148,知识热门视频_35,100338,知识UP_022,36,知识,3737532,549565,28648,58562,22705,0.1764,2025-01-24,2025-11-05 15:19:23,模拟数据,35
BV1000149,知识热门视频_36,100415,知识UP_099,36,知识,1128320,148087,33782,16432,8067,0.1829,2025-07-15,2025-11-05 15:19:23,模拟数据,36
BV1000150,知识热门视频_37,100325,知识UP_009,36,知识,3755522,292514,54215,84598,11922,0.118,2024-12-19,2025-11-05 15:19:23,模拟数据,37
BV1000151,知识热门视频_38,100417,知识UP_101,36,知识,1274536,91712,17474,17377,9720,0.1069,2025-10-20,2025-11-05 15:19:23,模拟数据,38
BV1000152,知识热门视频_39,100420,知识UP_104,36,知识,4039982,479834,78933,43972,17600,0.1535,2025-07-28,2025-11-05 15:19:23,模拟数据,39
BV1000153,知识热门视频_40,100327,知识UP_011,36,知识,2853745,249250,78283,38496,6462,0.1305,2025-10-02,2025-11-05 15:19:23,模拟数据,40
BV1000154,知识热门视频_41,100318,知识UP_002,36,知识,930535,76419,8811,12286,1488,0.1064,2025-08-31,2025-11-05 15:19:23,模拟数据,41
BV1000155,知识热门视频_42,100396,知识UP_080,36,知识,3116436,185427,40612,66608,12410,0.0979,2025-01-10,2025-11-05 15:19:23,模拟数据,42
BV1000156,知识热门视频_43,100379,知识UP_063,36,知识,4340519,90326,30900,46211,7016,0.0402,2025-07-10,2025-11-05 15:19:23,模拟数据,43
BV1000157,知识热门视频_44,100346,知识UP_030,36,知识,2270728,279203,44607,22840,7486,0.156,2025-10-20,2025-11-05 15:19:23,模拟数据,44
BV1000158,知识热门视频_45,100400,知识UP_084,36,知识,4502489,266652,90779,38611,32771,0.0952,2025-01-06,2025-11-05 15:19:23,模拟数据,45
BV1000159,知识热门视频_46,100456,知识UP_140,36,知识,634232,68684,7206,14154,903,0.1434,2025-07-19,2025-11-05 15:19:23,模拟数据,46
BV1000160,知识热门视频_47,100458,知识UP_142,36,知识,4736570,657630,44275,76444,22665,0.1691,2025-05-25,2025-11-05 15:19:23,模拟数据,47
BV1000161,知识热门视频_48,100400,知识UP_084,36,知识,3691237,460480,100548,40374,15992,0.1673,2025-07-27,2025-11-05 15:19:23,模拟数据,48
BV1000162,知识热门视频_49,100400,知识UP_084,36,知识,341807,9520,2181,4549,1652,0.0524,2025-09-22,2025-11-05 15:19:23,模拟数据,49
BV1000163,科技热门视频_01,100530,科技UP_071,188,科技,3874825,88826,40672,42758,29609,0.0521,2025-04-05,2025-11-05 15:19:23,模拟数据,1
BV1000164,科技热门视频_02,100470,科技UP_011,188,科技,1020838,65822,9215,22912,6531,0.1023,2024-12-24,2025-11-05 15:19:23,模拟数据,2
BV1000165,科技热门视频_03,100539,科技UP_080,188,科技,4700024,274946,88490,100713,11075,0.1011,2025-02-08,2025-11-05 15:19:23,模拟数据,3
BV1000166,科技热门视频_04,100482,科技UP_023,188,科技,1892829,281319,25348,24691,14447,0.1827,2025-03-23,2025-11-05 15:19:23,模拟数据,4
BV1000167,科技热门视频_05,100472,科技UP_013,188,科技,1491557,61077,9086,30995,3657,0.0703,2025-05-14,2025-11-05 15:19:23,模拟数据,5
BV1000168,科技热门视频_06,100510,科技UP_051,188,科技,3608203,499807,67939,65157,25136,0.1824,2025-03-20,2025-11-05 15:19:23,模拟数据,6
BV1000169,科技热门视频_07,100475,科技UP_016,188,科技,1094833,130871,12989,11051,3271,0.1445,2025-10-22,2025-11-05 15:19:23,模拟数据,7
BV1000170,科技热门视频_08,100480,科技UP_021,188,科技,4437538,587457,55351,75233,23881,0.1672,2025-05-30,2025-11-05 15:19:23,模拟数据,8
BV1000171,科技热门视频_09,100474,科技UP_015,188,科技,4331534,330783,38769,82304,31754,0.1116,2024-11-24,2025-11-05 15:19:23,模拟数据,9
BV1000172,科技热门视频_10,100489,科技UP_030,188,科技,3343896,199318,61633,82977,17424,0.1081,2025-05-30,2025-11-05 15:19:23,模拟数据,10
BV1000173,科技热门视频_11,100541,科技UP_082,188,科技,1373201,42827,38796,26739,3716,0.0816,2025-04-19,2025-11-05 15:19:23,模拟数据,11
BV1000174,科技热门视频_12,100525,科技UP_066,188,科技,2706771,196364,28773,55940,5417,0.1058,2024-12-06,2025-11-05 15:19:23,模拟数据,12
BV1000175,科技热门视频_13,100531,科技UP_072,188,科技,963907,69410,17417,13510,3938,0.1082,2025-03-09,2025-11-05 15:19:23,模拟数据,13
BV1000176,科技热门视频_14,100487,科技UP_028,188,科技,4019363,551695,84068,57351,30975,0.1802,2025-09-04,2025-11-05 15:19:23,模拟数据,14
BV1000177,科技热门视频_15,100505,科技UP_046,188,科技,924841,102247,27273,12958,5335,0.1598,2025-03-06,2025-11-05 15:19:23,模拟数据,15
BV1000178,科技热门视频_16,100549,科技UP_090,188,科技,556833,44519,13028,10063,3235,0.1272,2025-09-01,2025-11-05 15:19:23,模拟数据,16
BV1000179,科技热门视频_17,100551,科技UP_092,188,科技,1465186,70320,13634,13130,2472,0.0679,2025-11-02,2025-11-05 15:19:23,模拟数据,17
BV1000180,科技热门视频_18,100478,科技UP_019,188,科技,2162718,171018,53411,31407,11319,0.1235,2025-08-18,2025-11-05 15:19:23,模拟数据,18
BV1000181,科技热门视频_19,100520,科技UP_061,188,科技,4284603,337884,72150,37134,25688,0.1104,2025-07-26,2025-11-05 15:19:23,模拟数据,19
BV1000182,科技热门视频_20,100480,科技UP_021,188,科技,2575834,108634,21271,48147,8246,0.0723,2025-09-07,2025-11-05 15:19:23,模拟数据,20
BV1000183,科技热门视频_21,100480,科技UP_021,188,科技,2454855,305075,59689,22442,19141,0.1655,2025-03-01,2025-11-05 15:19:23,模拟数据,21
BV1000184,科技热门视频_22,100511,科技UP_052,188,科技,3626077,116554,96819,34883,16037,0.0729,2025-10-07,2025-11-05 15:19:23,模拟数据,22
BV1000185,科技热门视频_23,100503,科技UP_044,188,科技,3513115,477542,67806,78792,6578,0.1795,2024-12-31,2025-11-05 15:19:23,模拟数据,23
BV1000186,科技热门视频_24,100521,科技UP_062,188,科技,4161755,395497,41208,82992,30019,0.1321,2025-09-03,2025-11-05 15:19:23,模拟数据,24
BV1000187,科技热门视频_25,100524,科技UP_065,188,科技,703765,68926,7775,8341,3728,0.1261,2025-03-16,2025-11-05 15:19:23,模拟数据,25
BV1000188,科技热门视频_26,100476,科技UP_017,188,科技,2191749,224066,49045,28634,2484,0.1388,2025-02-24,2025-11-05 15:19:23,模拟数据,26
BV1000189,科技热门视频_27,100508,科技UP_049,188,科技,905116,121286,8172,15885,6355,0.1676,2025-09-29,2025-11-05 15:19:23,模拟数据,27
BV1000190,科技热门视频_28,100511,科技UP_052,188,科技,3246743,403345,48652,39252,6098,0.1532,2025-07-25,2025-11-05 15:19:23,模拟数据,28
BV1000191,科技热门视频_29,100462,科技UP_003,188,科技,52893,4548,751,961,165,0.1215,2025-02-25,2025-11-05 15:19:23,模拟数据,29
BV1000192,科技热门视频_30,100549,科技UP_090,188,科技,1374071,97538,40563,33615,10866,0.1329,2024-12-10,2025-11-05 15:19:23,模拟数据,30
BV1000193,科技热门视频_31,100477,科技UP_018,188,科技,3997332,334566,111486,83384,17136,0.1367,2024-11-20,2025-11-05 15:19:23,模拟数据,31
BV1000194,科技热门视频_32,100483,科技UP_024,188,科技,296506,23416,2046,6650,1412,0.1131,2025-09-06,2025-11-05 15:19:23,模拟数据,32
BV1000195,科技热门视频_33,100470,科技UP_011,188,科技,4788090,198227,141630,95021,11334,0.0932,2024-11-15,2025-11-05 15:19:23,模拟数据,33
BV1000196,科技热门视频_34,100509,科技UP_050,188,科技,2107497,217950,35523,19789,10755,0.1348,2025-09-16,2025-11-05 15:19:23,模拟数据,34
BV1000197,科技热门视频_35,100505,科技UP_046,188,科技,4524737,319136,54712,47532,30621,0.0999,2025-06-04,2025-11-05 15:19:23,模拟数据,35
BV1000198,科技热门视频_36,100493,科技UP_034,188,科技,3989957,423015,80102,46862,21890,0.1433,2025-03-22,2025-11-05 15:19:23,模拟数据,36
BV1000199,科技热门视频_37,100517,科技UP_058,188,科技,4249539,439962,52834,81702,33025,0.143,2025-09-16,2025-11-05 15:19:23,模拟数据,37
BV1000200,科技热门视频_38,100524,科技UP_065,188,科技,4803379,651784,96606,80754,18458,0.1765,2025-06-28,2025-11-05 15:19:23,模拟数据,38
BV1000201,科技热门视频_39,100506,科技UP_047,188,科技,2753070,178723,47899,58376,9450,0.107,2025-03-24,2025-11-05 15:19:23,模拟数据,39
BV1000202,生活热门视频_01,100563,生活UP_010,160,生活,1255004,60212,30274,13826,4343,0.0866,2025-03-26,2025-11-05 15:19:23,模拟数据,1
BV1000203,生活热门视频_02,100597,生活UP_044,160,生活,658117,67632,19255,11072,5100,0.1566,2025-04-01,2025-11-05 15:19:23,模拟数据,2
BV1000204,生活热门视频_03,100621,生活UP_068,160,生活,3074059,96171,73550,53055,17436,0.0781,2025-03-29,2025-11-05 15:19:23,模拟数据,3
BV1000205,生活热门视频_04,100577,生活UP_024,160,生活,2406020,180436,24957,53990,9818,0.1119,2024-11-30,2025-11-05 15:19:23,模拟数据,4
BV1000206,生活热门视频_05,100580,生活UP_027,160,生活,3997042,369101,81845,68126,9316,0.1322,2025-02-03,2025-11-05 15:19:23,模拟数据,5
BV1000207,生活热门视频_06,100571,生活UP_018,160,生活,1286296,115548,14993,31248,7097,0.1313,2025-10-02,2025-11-05 15:19:23,模拟数据,6
BV1000208,生活热门视频_07,100571,生活UP_018,160,生活,1838046,256831,33916,24324,6647,0.175,2025-01-28,2025-11-05 15:19:23,模拟数据,7
BV1000209,生活热门视频_08,100585,生活UP_032,160,生活,1117351,80687,15801,11984,7804,0.1041,2025-03-07,2025-11-05 15:19:23,模拟数据,8
BV1000210,生活热门视频_09,100578,生活UP_025,160,生活,3984059,567950,43711,48685,13622,0.1692,2025-08-23,2025-11-05 15:19:23,模拟数据,9
BV1000211,生活热门视频_10,100581,生活UP_028,160,生活,1650829,94540,32394,33917,2211,0.0988,2025-04-29,2025-11-05 15:19:23,模拟数据,10
BV1000212,生活热门视频_11,100658,生活UP_105,160,生活,4518174,335411,94501,72970,23608,0.1165,2025-07-12,2025-11-05 15:19:23,模拟数据,11
BV1000213,生活热门视频_12,100565,生活UP_012,160,生活,4313707,604322,85693,46257,31794,0.1781,2025-07-28,2025-11-05 15:19:23,模拟数据,12
BV1000214,生活热门视频_13,100660,生活UP_107,160,生活,1419741,63281,10043,15455,4609,0.0658,2024-11-28,2025-11-05 15:19:23,模拟数据,13
BV1000215,生活热门视频_14,100655,生活UP_102,160,生活,2349670,260020,19797,57705,6148,0.1463,2025-11-01,2025-11-05 15:19:23,模拟数据,14
BV1000216,生活热门视频_15,100585,生活UP_032,160,生活,2151592,101262,19845,42076,13393,0.0821,2025-08-18,2025-11-05 15:19:23,模拟数据,15
BV1000217,生活热门视频_16,100577,生活UP_024,160,生活,1475436,159268,12533,19239,10137,0.1364,2025-10-24,2025-11-05 15:19:23,模拟数据,16
BV1000218,生活热门视频_17,100618,生活UP_065,160,生活,4556405,219162,53531,86380,7318,0.0804,2025-07-16,2025-11-05 15:19:23,模拟数据,17
BV1000219,生活热门视频_18,100631,生活UP_078,160,生活,1508435,97475,12889,18874,2376,0.0873,2025-02-07,2025-11-05 15:19:23,模拟数据,18
BV1000220,生活热门视频_19,100596,生活UP_043,160,生活,4174364,484541,89304,48593,17828,0.1534,2025-02-13,2025-11-05 15:19:23,模拟数据,19
BV1000221,生活热门视频_20,100611,生活UP_058,160,生活,2855948,121680,65422,63962,8359,0.0908,2025-07-25,2025-11-05 15:19:23,模拟数据,20
BV1000222,生活热门视频_21,100596,生活UP_043,160,生活,4711519,583882,32961,43825,28744,0.1463,2024-11-22,2025-11-05 15:19:23,模拟数据,21
BV1000223,生活热门视频_22,100646,生活UP_093,160,生活,4667516,589876,116584,103858,32938,0.1807,2025-06-11,2025-11-05 15:19:23,模拟数据,22
BV1000224,生活热门视频_23,100578,生活UP_025,160,生活,1545310,172157,27533,36406,11687,0.1603,2025-02-07,2025-11-05 15:19:23,模拟数据,23
BV1000225,生活热门视频_24,100631,生活UP_078,160,生活,3499985,365690,104564,40280,16945,0.1507,2024-12-28,2025-11-05 15:19:23,模拟数据,24
BV1000226,生活热门视频_25,100613,生活UP_060,160,生活,4623766,293874,118722,47479,9751,0.1016,2025-06-19,2025-11-05 15:19:23,模拟数据,25
BV1000227,生活热门视频_26,100635,生活UP_082,160,生活,1666289,215119,35818,14403,2902,0.161,2025-03-18,2025-11-05 15:19:23,模拟数据,26
BV1000228,生活热门视频_27,100573,生活UP_020,160,生活,4800194,439374,93285,73494,5938,0.1275,2024-11-23,2025-11-05 15:19:23,模拟数据,27
BV1000229,生活热门视频_28,100590,生活UP_037,160,生活,934507,45790,12168,17881,2036,0.0833,2024-11-30,2025-11-05 15:19:23,模拟数据,28
BV1000230,生活热门视频_29,100628,生活UP_075,160,生活,1167929,78584,22004,23610,9248,0.1143,2025-09-09,2025-11-05 15:19:23,模拟数据,29
BV1000231,生活热门视频_30,100577,生活UP_024,160,生活,2119932,56416,51173,51157,3221,0.0764,2024-12-14,2025-11-05 15:19:23,模拟数据,30
BV1000232,生活热门视频_31,100626,生活UP_073,160,生活,4893458,639106,27662,63733,24643,0.1543,2025-04-12,2025-11-05 15:19:23,模拟数据,31
BV1000233,生活热门视频_32,100589,生活UP_036,160,生活,4175347,396409,41711,104217,17421,0.1341,2025-10-19,2025-11-05 15:19:23,模拟数据,32
BV1000234,生活热门视频_33,100660,生活UP_107,160,生活,2742777,188068,75082,42496,13664,0.1164,2025-04-21,2025-11-05 15:19:23,模拟数据,33
BV1000235,生活热门视频_34,100644,生活UP_091,160,生活,3305514,412691,27990,50184,12137,0.1522,2025-08-19,2025-11-05 15:19:23,模拟数据,34
BV1000236,生活热门视频_35,100625,生活UP_072,160,生活,3213431,234589,67279,52761,4509,0.1118,2025-01-08,2025-11-05 15:19:23,模拟数据,35
BV1000237,生活热门视频_36,100640,生活UP_087,160,生活,105596,5323,2138,1797,680,0.0941,2025-01-24,2025-11-05 15:19:23,模拟数据,36
BV1000238,生活热门视频_37,100661,生活UP_108,160,生活,3278505,384231,25156,45916,6107,0.1407,2025-04-15,2025-11-05 15:19:23,模拟数据,37
BV1000239,生活热门视频_38,100650,生活UP_097,160,生活,4478623,275692,60991,80628,14979,0.0965,2024-12-20,2025-11-05 15:19:23,模拟数据,38
BV1000240,生活热门视频_39,100560,生活UP_007,160,生活,4866542,198166,74787,113325,26922,0.0849,2025-01-01,2025-11-05 15:19:23,模拟数据,39
BV1000241,生活热门视频_40,100606,生活UP_053,160,生活,4628394,369698,58340,66297,20462,0.1112,2025-05-11,2025-11-05 15:19:23,模拟数据,40
BV1000242,生活热门视频_41,100588,生活UP_035,160,生活,4569049,593072,121290,66529,13891,0.1739,2025-03-22,2025-11-05 15:19:23,模拟数据,41
BV1000243,生活热门视频_42,100623,生活UP_070,160,生活,3196092,310747,78505,54731,25005,0.1467,2024-12-10,2025-11-05 15:19:23,模拟数据,42
BV1000244,生活热门视频_43,100599,生活UP_046,160,生活,2753762,392312,15419,31373,15486,0.1651,2025-10-01,2025-11-05 15:19:23,模拟数据,43
BV1000245,生活热门视频_44,100583,生活UP_030,160,生活,2045155,291731,58879,43586,3721,0.1946,2025-08-04,2025-11-05 15:19:23,模拟数据,44
BV1000246,生活热门视频_45,100557,生活UP_004,160,生活,2485191,169104,15198,35809,16076,0.095,2025-08-25,2025-11-05 15:19:23,模拟数据,45
BV1000247,生活热门视频_46,100655,生活UP_102,160,生活,3710454,543065,50427,33440,25819,0.1759,2025-01-17,2025-11-05 15:19:23,模拟数据,46
BV1000248,生活热门视频_47,100571,生活UP_018,160,生活,3897210,181060,92549,61479,30790,0.0939,2024-12-17,2025-11-05 15:19:23,模拟数据,47
BV1000249,美食热门视频_01,100664,美食UP_002,211,美食,354907,29350,9130,4892,2644,0.1297,2025-01-01,2025-11-05 15:19:23,模拟数据,1
BV1000250,美食热门视频_02,100762,美食UP_100,211,美食,1953484,187023,31533,24884,10502,0.13,2025-05-17,2025-11-05 15:19:23,模拟数据,2
BV1000251,美食热门视频_03,100674,美食UP_012,211,美食,4530284,107175,71612,104307,33195,0.0698,2024-12-29,2025-11-05 15:19:23,模拟数据,3
BV1000252,美食热门视频_04,100728,美食UP_066,211,美食,1203915,135122,10559,24338,2746,0.1435,2025-10-10,2025-11-05 15:19:23,模拟数据,4
BV1000253,美食热门视频_05,100770,美食UP_108,211,美食,3420620,158050,79344,38533,23507,0.0875,2025-05-08,2025-11-05 15:19:23,模拟数据,5
BV1000254,美食热门视频_06,100752,美食UP_090,211,美食,3996317,380503,119732,45964,8079,0.1387,2025-10-12,2025-11-05 15:19:23,模拟数据,6
BV1000255,美食热门视频_07,100715,美食UP_053,211,美食,2678490,201201,43396,64766,19436,0.1228,2025-03-02,2025-11-05 15:19:23,模拟数据,7
BV1000256,美食热门视频_08,100761,美食UP_099,211,美食,1272211,90383,37565,22681,7689,0.1244,2025-09-19,2025-11-05 15:19:23,模拟数据,8
BV1000257,美食热门视频_09,100682,美食UP_020,211,美食,2233229,145699,55054,52619,11654,0.1187,2025-06-11,2025-11-05 15:19:23,模拟数据,9
BV1000258,美食热门视频_10,100714,美食UP_052,211,美食,366339,25627,3637,2938,811,0.0901,2025-02-15,2025-11-05 15:19:23,模拟数据,10
BV1000259,美食热门视频_11,100673,美食UP_011,211,美食,3763020,251589,106955,62499,23693,0.1182,2025-07-05,2025-11-05 15:19:23,模拟数据,11
BV1000260,美食热门视频_12,100717,美食UP_055,211,美食,450279,23528,13102,8997,685,0.1029,2025-10-13,2025-11-05 15:19:23,模拟数据,12
BV1000261,美食热门视频_13,100703,美食UP_041,211,美食,1800298,133360,45658,19396,10971,0.1163,2025-09-27,2025-11-05 15:19:23,模拟数据,13
BV1000262,美食热门视频_14,100743,美食UP_081,211,美食,2342626,86682,62579,40490,6641,0.0838,2025-02-17,2025-11-05 15:19:23,模拟数据,14
BV1000263,美食热门视频_15,100670,美食UP_008,211,美食,4717069,389435,122729,108607,11232,0.134,2025-06-18,2025-11-05 15:19:23,模拟数据,15
BV1000264,美食热门视频_16,100733,美食UP_071,211,美食,3428121,395044,57071,75375,12774,0.1576,2025-06-02,2025-11-05 15:19:23,模拟数据,16
BV1000265,美食热门视频_17,100739,美食UP_077,211,美食,3142661,410259,46038,53606,20328,0.1687,2025-05-26,2025-11-05 15:19:23,模拟数据,17
BV1000266,美食热门视频_18,100715,美食UP_053,211,美食,3731605,166769,38490,54376,10345,0.0723,2025-06-05,2025-11-05 15:19:23,模拟数据,18
BV1000267,美食热门视频_19,100669,美食UP_007,211,美食,4109397,140762,104707,90913,8200,0.0839,2025-04-15,2025-11-05 15:19:23,模拟数据,19
BV1000268,美食热门视频_20,100669,美食UP_007,211,美食,367794,40060,4376,6168,1881,0.1427,2025-10-31,2025-11-05 15:19:23,模拟数据,20
BV1000269,美食热门视频_21,100755,美食UP_093,211,美食,4736597,309579,45116,75430,35907,0.0984,2024-11-14,2025-11-05 15:19:23,模拟数据,21
BV1000270,美食热门视频_22,100734,美食UP_072,211,美食,2657607,261888,30595,58264,13687,0.1371,2025-10-07,2025-11-05 15:19:23,模拟数据,22
BV1000271,美食热门视频_23,100710,美食UP_048,211,美食,207316,21442,2421,3569,477,0.1346,2025-07-03,2025-11-05 15:19:23,模拟数据,23
BV1000272,美食热门视频_24,100698,美食UP_036,211,美食,2460149,80772,26425,56039,5242,0.0685,2025-06-15,2025-11-05 15:19:23,模拟数据,24
BV1000273,美食热门视频_25,100690,美食UP_028,211,美食,4692409,608711,36580,51220,16360,0.1519,2025-02-06,2025-11-05 15:19:23,模拟数据,25
BV1000274,美食热门视频_26,100703,美食UP_041,211,美食,1456464,52122,7296,14941,4402,0.0541,2024-11-07,2025-11-05 15:19:23,模拟数据,26
BV1000275,美食热门视频_27,100745,美食UP_083,211,美食,1493298,108266,42424,14428,4506,0.1136,2024-11-25,2025-11-05 15:19:23,模拟数据,27
BV1000276,美食热门视频_28,100678,美食UP_016,211,美食,560872,70677,9707,12523,924,0.1673,2025-01-17,2025-11-05 15:19:23,模拟数据,28
BV1000277,美食热门视频_29,100727,美食UP_065,211,美食,3849442,146883,53654,36432,14241,0.0653,2025-04-10,2025-11-05 15:19:23,模拟数据,29
BV1000278,美食热门视频_30,100743,美食UP_081,211,美食,2096011,43034,24353,23648,5400,0.046,2025-10-13,2025-11-05 15:19:23,模拟数据,30
BV1000279,美食热门视频_31,100768,美食UP_106,211,美食,44880,4630,452,593,347,0.1342,2025-01-09,2025-11-05 15:19:23,模拟数据,31
BV1000280,美食热门视频_32,100735,美食UP_073,211,美食,4008550,421615,46816,69139,22836,0.1398,2025-10-12,2025-11-05 15:19:23,模拟数据,32
BV1000281,美食热门视频_33,100688,美食UP_026,211,美食,1290171,183889,17194,14484,2130,0.1687,2025-02-02,2025-11-05 15:19:23,模拟数据,33
BV1000282,动物圈热门视频_01,100824,动物UP_051,217,动物圈,3554605,497410,59392,53839,24120,0.1786,2025-04-27,2025-11-05 15:19:23,模拟数据,1
BV1000283,动物圈热门视频_02,100850,动物UP_077,217,动物圈,2783819,135341,78897,47082,17498,0.1002,2025-01-09,2025-11-05 15:19:23,模拟数据,2
BV1000284,动物圈热门视频_03,100886,动物UP_113,217,动物圈,1097260,137917,27264,26336,4635,0.1788,2024-11-20,2025-11-05 15:19:23,模拟数据,3
BV1000285,动物圈热门视频_04,100818,动物UP_045,217,动物圈,4637516,354374,102581,48505,33296,0.1162,2025-01-11,2025-11-05 15:19:23,模拟数据,4
BV1000286,动物圈热门视频_05,100799,动物UP_026,217,动物圈,405627,13829,4626,8665,2787,0.0737,2025-09-30,2025-11-05 15:19:23,模拟数据,5
BV1000287,动物圈热门视频_06,100860,动物UP_087,217,动物圈,4792872,368208,95191,100452,37449,0.1255,2025-09-02,2025-11-05 15:19:23,模拟数据,6
BV1000288,动物圈热门视频_07,100784,动物UP_011,217,动物圈,511929,14325,7490,6137,3831,0.0621,2025-02-18,2025-11-05 15:19:23,模拟数据,7
BV1000289,动物圈热门视频_08,100853,动物UP_080,217,动物圈,1304092,166569,38709,22339,5718,0.1789,2025-10-31,2025-11-05 15:19:23,模拟数据,8
BV1000290,动物圈热门视频_09,100801,动物UP_028,217,动物圈,3969718,121604,70749,74769,21626,0.0727,2025-05-13,2025-11-05 15:19:23,模拟数据,9
BV1000291,动物圈热门视频_10,100884,动物UP_111,217,动物圈,2643886,371180,21101,63782,3622,0.1739,2025-03-20,2025-11-05 15:19:23,模拟数据,10
BV1000292,动物圈热门视频_11,100822,动物UP_049,217,动物圈,4877875,236279,105078,68672,26027,0.0894,2025-02-27,2025-11-05 15:19:23,模拟数据,11
BV1000293,动物圈热门视频_12,100892,动物UP_119,217,动物圈,94643,13115,1259,1976,219,0.1751,2025-09-25,2025-11-05 15:19:23,模拟数据,12
BV1000294,动物圈热门视频_13,100869,动物UP_096,217,动物圈,1459193,198642,31680,18041,3459,0.1726,2024-12-22,2025-11-05 15:19:23,模拟数据,13
BV1000295,动物圈热门视频_14,100857,动物UP_084,217,动物圈,54334,2022,1448,829,183,0.0825,2025-10-06,2025-11-05 15:19:23,模拟数据,14
BV1000296,动物圈热门视频_15,100849,动物UP_076,217,动物圈,1592012,196536,17725,24114,8835,0.1553,2025-03-25,2025-11-05 15:19:23,模拟数据,15
BV1000297,动物圈热门视频_16,100816,动物UP_043,217,动物圈,2822469,109680,16584,40720,19470,0.0661,2025-02-11,2025-11-05 15:19:23,模拟数据,16
BV1000298,动物圈热门视频_17,100845,动物UP_072,217,动物圈,2481964,181161,30846,22982,6112,0.0971,2025-03-24,2025-11-05 15:19:23,模拟数据,17
BV1000299,动物圈热门视频_18,100827,动物UP_054,217,动物圈,173405,15714,2768,3040,1088,0.1304,2025-09-27,2025-11-05 15:19:23,模拟数据,18
BV1000300,动物圈热门视频_19,100812,动物UP_039,217,动物圈,1985109,58259,54105,39696,6800,0.08,2025-09-07,2025-11-05 15:19:23,模拟数据,19
BV1000301,动物圈热门视频_20,100809,动物UP_036,217,动物圈,1404455,172498,36700,23981,6267,0.1705,2025-08-10,2025-11-05 15:19:23,模拟数据,20
BV1000302,动物圈热门视频_21,100824,动物UP_051,217,动物圈,3390361,464480,65263,83625,6637,0.1829,2025-10-11,2025-11-05 15:19:23,模拟数据,21
BV1000303,动物圈热门视频_22,100879,动物UP_106,217,动物圈,2516886,212726,70546,27513,5990,0.1259,2025-02-27,2025-11-05 15:19:23,模拟数据,22
BV1000304,动物圈热门视频_23,100808,动物UP_035,217,动物圈,4405744,237417,33579,57607,12359,0.0774,2024-12-15,2025-11-05 15:19:23,模拟数据,23
BV1000305,动物圈热门视频_24,100805,动物UP_032,217,动物圈,4155807,363890,116971,59495,32938,0.138,2025-02-05,2025-11-05 15:19:23,模拟数据,24
BV1000306,动物圈热门视频_25,100897,动物UP_124,217,动物圈,2832431,269291,58807,65248,10944,0.1427,2025-02-02,2025-11-05 15:19:23,模拟数据,25
BV1000307,动物圈热门视频_26,100882,动物UP_109,217,动物圈,519232,60524,9367,6296,1161,0.149,2025-02-26,2025-11-05 15:19:23,模拟数据,26
BV1000308,动物圈热门视频_27,100873,动物UP_100,217,动物圈,4817389,294919,116133,113859,12974,0.1117,2025-08-27,2025-11-05 15:19:23,模拟数据,27
BV1000309,动物圈热门视频_28,100796,动物UP_023,217,动物圈,2552698,284944,56953,40034,13533,0.1549,2025-09-04,2025-11-05 15:19:23,模拟数据,28
BV1000310,动物圈热门视频_29,100855,动物UP_082,217,动物圈,1963529,146797,35240,21960,9764,0.1089,2025-09-21,2025-11-05 15:19:23,模拟数据,29
BV1000311,动物圈热门视频_30,100843,动物UP_070,217,动物圈,692208,14935,6002,7046,3873,0.046,2025-07-09,2025-11-05 15:19:23,模拟数据,30
BV1000312,动物圈热门视频_31,100849,动物UP_076,217,动物圈,3054702,198433,32577,30632,11179,0.0893,2025-02-21,2025-11-05 15:19:23,模拟数据,31
BV1000313,动物圈热门视频_32,100825,动物UP_052,217,动物圈,2172037,307513,44614,48964,4650,0.1868,2024-11-21,2025-11-05 15:19:23,模拟数据,32
BV1000314,鬼畜热门视频_01,100911,鬼畜UP_007,119,鬼畜,367686,27819,2450,7903,2484,0.1106,2025-08-16,2025-11-05 15:19:23,模拟数据,1
BV1000315,鬼畜热门视频_02,101002,鬼畜UP_098,119,鬼畜,1215369,83606,18426,13812,2107,0.097,2025-07-05,2025-11-05 15:19:23,模拟数据,2
BV1000316,鬼畜热门视频_03,100905,鬼畜UP_001,119,鬼畜,2572600,88067,21493,29719,19017,0.0615,2024-12-25,2025-11-05 15:19:23,模拟数据,3
BV1000317,鬼畜热门视频_04,100941,鬼畜UP_037,119,鬼畜,1233043,132203,30862,19115,7810,0.1541,2025-05-30,2025-11-05 15:19:23,模拟数据,4
BV1000318,鬼畜热门视频_05,100913,鬼畜UP_009,119,鬼畜,4053745,238800,37899,40555,13487,0.0816,2025-07-30,2025-11-05 15:19:23,模拟数据,5
BV1000319,鬼畜热门视频_06,100975,鬼畜UP_071,119,鬼畜,4364559,315558,47496,63984,12963,0.1008,2025-06-27,2025-11-05 15:19:23,模拟数据,6
BV1000320,鬼畜热门视频_07,100922,鬼畜UP_018,119,鬼畜,3444768,138230,63592,34473,23341,0.0754,2025-05-09,2025-11-05 15:19:23,模拟数据,7
BV1000321,鬼畜热门视频_08,100955,鬼畜UP_051,119,鬼畜,4864568,302821,66466,110380,33226,0.1054,2025-05-26,2025-11-05 15:19:23,模拟数据,8
BV1000322,鬼畜热门视频_09,100931,鬼畜UP_027,119,鬼畜,1237723,159641,13660,17320,9766,0.1619,2025-06-18,2025-11-05 15:19:23,模拟数据,9
BV1000323,鬼畜热门视频_10,100961,鬼畜UP_057,119,鬼畜,4745242,608722,83389,88069,12685,0.1671,2025-07-12,2025-11-05 15:19:23,模拟数据,10
BV1000324,鬼畜热门视频_11,101005,鬼畜UP_101,119,鬼畜,4880576,599040,123789,48807,5452,0.1592,2025-07-06,2025-11-05 15:19:23,模拟数据,11
BV1000325,鬼畜热门视频_12,100974,鬼畜UP_070,119,鬼畜,4831484,712899,99025,62813,17242,0.1846,2025-09-16,2025-11-05 15:19:23,模拟数据,12
BV1000326,鬼畜热门视频_13,100982,鬼畜UP_078,119,鬼畜,3522312,152084,72514,44069,3696,0.0773,2025-09-11,2025-11-05 15:19:23,模拟数据,13
BV1000327,鬼畜热门视频_14,100929,鬼畜UP_025,119,鬼畜,4633740,650310,88082,37155,15080,0.1706,2025-08-22,2025-11-05 15:19:23,模拟数据,14
BV1000328,鬼畜热门视频_15,100954,鬼畜UP_050,119,鬼畜,3049614,84201,58610,30578,18790,0.063,2025-03-26,2025-11-05 15:19:23,模拟数据,15
BV1000329,鬼畜热门视频_16,100906,鬼畜UP_002,119,鬼畜,4229984,108374,41138,75020,31005,0.0604,2025-06-30,2025-11-05 15:19:23,模拟数据,16
BV1000330,鬼畜热门视频_17,100990,鬼畜UP_086,119,鬼畜,126457,8925,742,2067,392,0.0959,2025-09-07,2025-11-05 15:19:23,模拟数据,17
BV1000331,鬼畜热门视频_18,100936,鬼畜UP_032,119,鬼畜,2149206,91690,31915,29782,9979,0.076,2025-04-04,2025-11-05 15:19:23,模拟数据,18
BV1000332,鬼畜热门视频_19,100923,鬼畜UP_019,119,鬼畜,2012543,135075,37433,39103,13058,0.1116,2025-03-19,2025-11-05 15:19:23,模拟数据,19
BV1000333,鬼畜热门视频_20,100981,鬼畜UP_077,119,鬼畜,4078306,180876,88476,37614,25751,0.0816,2025-05-03,2025-11-05 15:19:23,模拟数据,20
BV1000334,鬼畜热门视频_21,100976,鬼畜UP_072,119,鬼畜,3735567,332172,48545,80666,23154,0.1297,2025-05-09,2025-11-05 15:19:23,模拟数据,21
BV1000335,鬼畜热门视频_22,100988,鬼畜UP_084,119,鬼畜,1305881,195565,16836,32092,4620,0.1908,2025-04-08,2025-11-05 15:19:23,模拟数据,22
BV1000336,鬼畜热门视频_23,100963,鬼畜UP_059,119,鬼畜,3886041,152285,46484,68629,11281,0.0717,2025-01-05,2025-11-05 15:19:23,模拟数据,23
BV1000337,鬼畜热门视频_24,101013,鬼畜UP_109,119,鬼畜,1013598,22569,15512,15320,2613,0.0553,2025-10-30,2025-11-05 15:19:23,模拟数据,24
BV1000338,鬼畜热门视频_25,100933,鬼畜UP_029,119,鬼畜,1939464,170841,26221,39116,6077,0.1249,2025-07-09,2025-11-05 15:19:23,模拟数据,25
BV1000339,鬼畜热门视频_26,100989,鬼畜UP_085,119,鬼畜,2417540,82762,16440,48866,14798,0.0674,2024-12-17,2025-11-05 15:19:23,模拟数据,26
BV1000340,鬼畜热门视频_27,100955,鬼畜UP_051,119,鬼畜,3669260,169051,65436,52515,18406,0.0832,2025-02-19,2025-11-05 15:19:23,模拟数据,27
BV1000341,鬼畜热门视频_28,100986,鬼畜UP_082,119,鬼畜,3823245,159957,110593,56060,27301,0.0926,2025-08-29,2025-11-05 15:19:23,模拟数据,28
BV1000342,鬼畜热门视频_29,100905,鬼畜UP_001,119,鬼畜,1801098,105580,30368,36005,9733,0.1009,2025-10-09,2025-11-05 15:19:23,模拟数据,29
BV1000343,鬼畜热门视频_30,100930,鬼畜UP_026,119,鬼畜,1930700,157734,21111,22211,15179,0.112,2024-12-17,2025-11-05 15:19:23,模拟数据,30
BV1000344,鬼畜热门视频_31,100926,鬼畜UP_022,119,鬼畜,3604746,506358,99677,73517,11359,0.1917,2025-09-28,2025-11-05 15:19:23,模拟数据,31
BV1000345,鬼畜热门视频_32,100905,鬼畜UP_001,119,鬼畜,1635430,235799,41287,26446,12010,0.1929,2025-08-04,2025-11-05 15:19:23,模拟数据,32
BV1000346,鬼畜热门视频_33,100917,鬼畜UP_013,119,鬼畜,3305672,120181,68574,30050,16770,0.0713,2025-06-09,2025-11-05 15:19:23,模拟数据,33
BV1000347,鬼畜热门视频_34,100946,鬼畜UP_042,119,鬼畜,2752254,124326,31753,43068,10697,0.0762,2025-05-24,2025-11-05 15:19:23,模拟数据,34
BV1000348,鬼畜热门视频_35,100949,鬼畜UP_045,119,鬼畜,644225,71076,3283,11265,5037,0.1407,2025-10-19,2025-11-05 15:19:23,模拟数据,35
BV1000349,鬼畜热门视频_36,100955,鬼畜UP_051,119,鬼畜,4028578,373944,98174,88837,31752,0.1471,2024-12-19,2025-11-05 15:19:23,模拟数据,36
BV1000350,鬼畜热门视频_37,100958,鬼畜UP_054,119,鬼畜,2092282,165777,28543,31247,16095,0.1155,2025-03-22,2025-11-05 15:19:23,模拟数据,37
BV1000351,时尚热门视频_01,101076,时尚UP_061,155,时尚,729788,64099,12460,15753,3008,0.1306,2025-01-23,2025-11-05 15:19:23,模拟数据,1
BV1000352,时尚热门视频_02,101074,时尚UP_059,155,时尚,4615331,642497,137046,64886,28388,0.1891,2025-07-03,2025-11-05 15:19:23,模拟数据,2
BV1000353,时尚热门视频_03,101055,时尚UP_040,155,时尚,218535,25553,4822,4519,1021,0.1643,2025-03-30,2025-11-05 15:19:23,模拟数据,3
BV1000354,时尚热门视频_04,101083,时尚UP_068,155,时尚,3926949,497931,40841,88899,19106,0.1647,2025-04-09,2025-11-05 15:19:23,模拟数据,4
BV1000355,时尚热门视频_05,101068,时尚UP_053,155,时尚,3173526,176166,29942,68641,9029,0.0894,2025-06-27,2025-11-05 15:19:23,模拟数据,5
BV1000356,时尚热门视频_06,101096,时尚UP_081,155,时尚,4653312,655932,133102,51382,23235,0.1856,2024-11-08,2025-11-05 15:19:23,模拟数据,6
BV1000357,时尚热门视频_07,101067,时尚UP_052,155,时尚,3406912,307596,27490,59502,14042,0.1199,2025-01-24,2025-11-05 15:19:23,模拟数据,7
BV1000358,时尚热门视频_08,101088,时尚UP_073,155,时尚,1328696,187927,7459,12081,6340,0.1609,2025-01-05,2025-11-05 15:19:23,模拟数据,8
BV1000359,时尚热门视频_09,101058,时尚UP_043,155,时尚,2850692,88144,18334,27080,4631,0.0485,2025-03-14,2025-11-05 15:19:23,模拟数据,9
BV1000360,时尚热门视频_10,101094,时尚UP_079,155,时尚,579361,22802,14127,13217,3891,0.0933,2025-07-02,2025-11-05 15:19:23,模拟数据,10
BV1000361,时尚热门视频_11,101031,时尚UP_016,155,时尚,2607151,195702,67773,53030,18499,0.1285,2025-03-08,2025-11-05 15:19:23,模拟数据,11
BV1000362,时尚热门视频_12,101048,时尚UP_033,155,时尚,3867683,567545,27520,84638,15521,0.1798,2025-07-13,2025-11-05 15:19:23,模拟数据,12
BV1000363,时尚热门视频_13,101089,时尚UP_074,155,时尚,1022769,113341,7869,18534,7964,0.1444,2025-07-13,2025-11-05 15:19:23,模拟数据,13
BV1000364,时尚热门视频_14,101040,时尚UP_025,155,时尚,4391802,218988,24237,78546,26896,0.0794,2025-08-28,2025-11-05 15:19:23,模拟数据,14
BV1000365,时尚热门视频_15,101078,时尚UP_063,155,时尚,2761337,384666,36380,38478,11953,0.1707,2025-07-27,2025-11-05 15:19:23,模拟数据,15
BV1000366,时尚热门视频_16,101093,时尚UP_078,155,时尚,3812293,233204,78126,60686,13638,0.1012,2025-03-06,2025-11-05 15:19:23,模拟数据,16
BV1000367,时尚热门视频_17,101034,时尚UP_019,155,时尚,4936636,720443,100476,122103,12496,0.1936,2025-09-05,2025-11-05 15:19:23,模拟数据,17
BV1000368,时尚热门视频_18,101019,时尚UP_004,155,时尚,1625835,176988,10463,21937,9970,0.1349,2025-01-28,2025-11-05 15:19:23,模拟数据,18
BV1000369,时尚热门视频_19,101090,时尚UP_075,155,时尚,661337,88917,13602,12786,4507,0.1812,2025-02-11,2025-11-05 15:19:23,模拟数据,19
BV1000370,时尚热门视频_20,101051,时尚UP_036,155,时尚,2084631,303830,23338,30478,12813,0.1777,2024-11-22,2025-11-05 15:19:23,模拟数据,20
BV1000371,时尚热门视频_21,101023,时尚UP_008,155,时尚,3347969,425473,80271,82289,10041,0.1786,2025-05-28,2025-11-05 15:19:23,模拟数据,21
BV1000372,时尚热门视频_22,101028,时尚UP_013,155,时尚,891197,53439,13279,10920,2770,0.0902,2025-01-14,2025-11-05 15:19:23,模拟数据,22
BV1000373,时尚热门视频_23,101059,时尚UP_044,155,时尚,4498996,524377,111172,78738,17222,0.1626,2025-04-09,2025-11-05 15:19:23,模拟数据,23
BV1000374,时尚热门视频_24,101037,时尚UP_022,155,时尚,2058886,148172,60227,26707,9688,0.1189,2025-06-27,2025-11-05 15:19:23,模拟数据,24
BV1000375,时尚热门视频_25,101016,时尚UP_001,155,时尚,295124,40642,5495,7135,1347,0.1851,2025-09-14,2025-11-05 15:19:23,模拟数据,25
BV1000376,时尚热门视频_26,101056,时尚UP_041,155,时尚,458834,47558,10984,6659,494,0.1432,2025-02-07,2025-11-05 15:19:23,模拟数据,26
BV1000377,时尚热门视频_27,101040,时尚UP_025,155,时尚,52494,4547,769,883,414,0.126,2024-12-18,2025-11-05 15:19:23,模拟数据,27
BV1000378,时尚热门视频_28,101095,时尚UP_080,155,时尚,1094600,45658,18124,26775,4711,0.087,2025-01-27,2025-11-05 15:19:23,模拟数据,28
BV1000379,时尚热门视频_29,101068,时尚UP_053,155,时尚,2323672,287977,51015,22398,16580,0.1627,2025-02-21,2025-11-05 15:19:23,模拟数据,29
BV1000380,时尚热门视频_30,101045,时尚UP_030,155,时尚,4665665,459263,61456,52010,21458,0.1274,2025-09-18,2025-11-05 15:19:23,模拟数据,30
BV1000381,时尚热门视频_31,101050,时尚UP_035,155,时尚,3229104,91014,77572,34706,24590,0.0706,2024-11-21,2025-11-05 15:19:23,模拟数据,31
BV1000382,时尚热门视频_32,101043,时尚UP_028,155,时尚,4628108,189023,26133,91607,26806,0.0721,2025-01-02,2025-11-05 15:19:23,模拟数据,32
BV1000383,时尚热门视频_33,101041,时尚UP_026,155,时尚,4078533,548820,65362,95451,5378,0.1753,2025-03-09,2025-11-05 15:19:23,模拟数据,33
BV1000384,时尚热门视频_34,101063,时尚UP_048,155,时尚,2788849,295676,16135,67472,11308,0.1401,2025-10-07,2025-11-05 15:19:23,模拟数据,34
BV1000385,时尚热门视频_35,101017,时尚UP_002,155,时尚,2990349,230397,20144,40800,6480,0.0996,2025-03-20,2025-11-05 15:19:23,模拟数据,35
BV1000386,时尚热门视频_36,101043,时尚UP_028,155,时尚,4803168,379113,57873,58034,32237,0.1098,2024-12-17,2025-11-05 15:19:23,模拟数据,36
BV1000387,时尚热门视频_37,101062,时尚UP_047,155,时尚,1362022,127903,21344,29788,3543,0.134,2025-10-26,2025-11-05 15:19:23,模拟数据,37
BV1000388,娱乐热门视频_01,101153,娱乐UP_055,5,娱乐,1619768,138782,27487,13534,4161,0.1136,2025-01-18,2025-11-05 15:19:23,模拟数据,1
BV1000389,娱乐热门视频_02,101119,娱乐UP_021,5,娱乐,2284839,138803,15587,50847,6056,0.0925,2024-12-10,2025-11-05 15:19:23,模拟数据,2
BV1000390,娱乐热门视频_03,101102,娱乐UP_004,5,娱乐,1129745,91295,19733,11322,7136,0.1146,2024-11-05,2025-11-05 15:19:23,模拟数据,3
BV1000391,娱乐热门视频_04,101108,娱乐UP_010,5,娱乐,3810609,151354,89171,30964,19125,0.0763,2024-11-14,2025-11-05 15:19:23,模拟数据,4
BV1000392,娱乐热门视频_05,101215,娱乐UP_117,5,娱乐,2026834,212968,49005,18701,6794,0.1418,2025-10-24,2025-11-05 15:19:23,模拟数据,5
BV1000393,娱乐热门视频_06,101169,娱乐UP_071,5,娱乐,3701679,240611,19566,40295,11743,0.0843,2025-09-30,2025-11-05 15:19:23,模拟数据,6
BV1000394,娱乐热门视频_07,101156,娱乐UP_058,5,娱乐,569447,31345,14925,9671,2901,0.1033,2024-11-24,2025-11-05 15:19:23,模拟数据,7
BV1000395,娱乐热门视频_08,101146,娱乐UP_048,5,娱乐,3149205,319537,83250,29333,5037,0.1388,2025-03-02,2025-11-05 15:19:23,模拟数据,8
BV1000396,娱乐热门视频_09,101186,娱乐UP_088,5,娱乐,2398578,333252,31060,57879,15261,0.1824,2024-12-25,2025-11-05 15:19:23,模拟数据,9
BV1000397,娱乐热门视频_10,101128,娱乐UP_030,5,娱乐,2228284,105931,11575,46821,15274,0.0806,2025-05-07,2025-11-05 15:19:23,模拟数据,10
BV1000398,娱乐热门视频_11,101188,娱乐UP_090,5,娱乐,3127288,284018,75496,62860,7508,0.1375,2025-07-19,2025-11-05 15:19:23,模拟数据,11
BV1000399,娱乐热门视频_12,101162,娱乐UP_064,5,娱乐,1658920,219166,14758,27897,4327,0.1604,2024-11-23,2025-11-05 15:19:23,模拟数据,12
BV1000400,娱乐热门视频_13,101185,娱乐UP_087,5,娱乐,1210363,104418,20595,25932,1415,0.1259,2025-02-15,2025-11-05 15:19:23,模拟数据,13
BV1000401,娱乐热门视频_14,101172,娱乐UP_074,5,娱乐,4751553,278892,67485,105055,9282,0.097,2025-05-07,2025-11-05 15:19:23,模拟数据,14
BV1000402,娱乐热门视频_15,101147,娱乐UP_049,5,娱乐,1532269,98209,14905,28995,8937,0.0986,2025-01-31,2025-11-05 15:19:23,模拟数据,15
BV1000403,娱乐热门视频_16,101209,娱乐UP_111,5,娱乐,1461829,49098,22105,33344,5017,0.0749,2025-03-02,2025-11-05 15:19:23,模拟数据,16
BV1000404,娱乐热门视频_17,101109,娱乐UP_011,5,娱乐,503875,68697,14055,9389,2500,0.1878,2025-03-23,2025-11-05 15:19:23,模拟数据,17
BV1000405,娱乐热门视频_18,101169,娱乐UP_071,5,娱乐,238652,21813,2233,4437,711,0.1223,2025-02-20,2025-11-05 15:19:23,模拟数据,18
BV1000406,娱乐热门视频_19,101103,娱乐UP_005,5,娱乐,1094534,72616,8109,21226,6320,0.0989,2025-07-01,2025-11-05 15:19:23,模拟数据,19
BV1000407,娱乐热门视频_20,101161,娱乐UP_063,5,娱乐,1299156,105401,12588,28196,1794,0.1139,2025-04-01,2025-11-05 15:19:23,模拟数据,20
BV1000408,娱乐热门视频_21,101202,娱乐UP_104,5,娱乐,2178563,276604,24305,22932,10157,0.1533,2025-01-13,2025-11-05 15:19:23,模拟数据,21
BV1000409,娱乐热门视频_22,101157,娱乐UP_059,5,娱乐,940811,45869,16351,12654,5732,0.0857,2025-05-12,2025-11-05 15:19:23,模拟数据,22
BV1000410,娱乐热门视频_23,101181,娱乐UP_083,5,娱乐,2485619,188790,53877,36625,5945,0.1148,2025-10-15,2025-11-05 15:19:23,模拟数据,23
BV1000411,娱乐热门视频_24,101213,娱乐UP_115,5,娱乐,2337189,63292,12769,43571,2918,0.0524,2025-05-18,2025-11-05 15:19:23,模拟数据,24
BV1000412,娱乐热门视频_25,101227,娱乐UP_129,5,娱乐,4700869,634759,96275,87303,7166,0.1756,2025-03-06,2025-11-05 15:19:23,模拟数据,25
BV1000413,娱乐热门视频_26,101181,娱乐UP_083,5,娱乐,4196610,485457,34099,90857,14954,0.149,2025-07-15,2025-11-05 15:19:23,模拟数据,26
BV1000414,娱乐热门视频_27,101111,娱乐UP_013,5,娱乐,4593092,629105,57749,101925,6008,0.173,2025-02-03,2025-11-05 15:19:23,模拟数据,27
BV1000415,娱乐热门视频_28,101210,娱乐UP_112,5,娱乐,1751870,39729,15676,35886,3512,0.0541,2024-11-08,2025-11-05 15:19:23,模拟数据,28
BV1000416,娱乐热门视频_29,101228,娱乐UP_130,5,娱乐,4732810,223934,36246,52917,35663,0.0737,2025-05-17,2025-11-05 15:19:23,模拟数据,29
BV1000417,娱乐热门视频_30,101198,娱乐UP_100,5,娱乐,4102883,384963,100900,51939,4614,0.1322,2025-04-25,2025-11-05 15:19:23,模拟数据,30
BV1000418,娱乐热门视频_31,101203,娱乐UP_105,5,娱乐,4418127,199660,71158,78482,32719,0.0865,2025-08-04,2025-11-05 15:19:23,模拟数据,31
BV1000419,影视热门视频_01,101345,影视UP_115,181,影视,1729381,231043,22265,27143,4753,0.1649,2025-07-25,2025-11-05 15:19:23,模拟数据,1
BV1000420,影视热门视频_02,101335,影视UP_105,181,影视,1450542,192114,34044,12265,8453,0.1702,2025-07-05,2025-11-05 15:19:23,模拟数据,2
BV1000421,影视热门视频_03,101336,影视UP_106,181,影视,3895900,266044,114852,48125,15268,0.114,2024-12-13,2025-11-05 15:19:23,模拟数据,3
BV1000422,影视热门视频_04,101276,影视UP_046,181,影视,768659,93645,16947,19036,3454,0.1731,2025-10-08,2025-11-05 15:19:23,模拟数据,4
BV1000423,影视热门视频_05,101245,影视UP_015,181,影视,3898706,177197,69944,59699,31178,0.0867,2025-08-04,2025-11-05 15:19:23,模拟数据,5
BV1000424,影视热门视频_06,101306,影视UP_076,181,影视,499368,11304,10975,5705,766,0.0576,2025-09-16,2025-11-05 15:19:23,模拟数据,6
BV1000425,影视热门视频_07,101255,影视UP_025,181,影视,4740462,103918,32791,82577,4797,0.0473,2025-07-25,2025-11-05 15:19:23,模拟数据,7
BV1000426,影视热门视频_08,101272,影视UP_042,181,影视,2349613,245255,34491,57236,6110,0.146,2025-04-11,2025-11-05 15:19:23,模拟数据,8
BV1000427,影视热门视频_09,101320,影视UP_090,181,影视,3069635,66575,76230,60997,20683,0.0731,2024-12-14,2025-11-05 15:19:23,模拟数据,9
BV1000428,影视热门视频_10,101313,影视UP_083,181,影视,4102121,225651,52492,70694,22960,0.0906,2025-08-07,2025-11-05 15:19:23,模拟数据,10
BV1000429,影视热门视频_11,101241,影视UP_011,181,影视,2862855,264289,40075,45330,4174,0.1236,2024-12-26,2025-11-05 15:19:23,模拟数据,11
BV1000430,影视热门视频_12,101295,影视UP_065,181,影视,1157544,93273,33402,17499,7911,0.1314,2025-02-23,2025-11-05 15:19:23,模拟数据,12
BV1000431,影视热门视频_13,101231,影视UP_001,181,影视,555489,16558,10133,13034,1999,0.0751,2025-03-04,2025-11-05 15:19:23,模拟数据,13
BV1000432,影视热门视频_14,101322,影视UP_092,181,影视,2817098,327587,57315,25253,12862,0.1502,2025-04-13,2025-11-05 15:19:23,模拟数据,14
BV1000433,影视热门视频_15,101283,影视UP_053,181,影视,336095,47970,6698,3267,1541,0.177,2025-10-31,2025-11-05 15:19:23,模拟数据,15
BV1000434,影视热门视频_16,101304,影视UP_074,181,影视,3104246,137802,53512,66876,7329,0.0855,2025-03-19,2025-11-05 15:19:23,模拟数据,16
BV1000435,影视热门视频_17,101320,影视UP_090,181,影视,3619006,208616,72042,54426,13596,0.0963,2025-06-28,2025-11-05 15:19:23,模拟数据,17
BV1000436,影视热门视频_18,101313,影视UP_083,181,影视,3847002,192559,20955,78110,14805,0.0797,2025-01-19,2025-11-05 15:19:23,模拟数据,18
BV1000437,影视热门视频_19,101310,影视UP_080,181,影视,2803774,322538,74875,41082,12706,0.1609,2025-10-24,2025-11-05 15:19:23,模拟数据,19
BV1000438,影视热门视频_20,101319,影视UP_089,181,影视,2126722,222452,37694,52962,14814,0.1542,2025-01-02,2025-11-05 15:19:23,模拟数据,20
BV1000439,影视热门视频_21,101321,影视UP_091,181,影视,4466575,126524,49519,73236,24843,0.0614,2025-01-23,2025-11-05 15:19:23,模拟数据,21
BV1000440,影视热门视频_22,101233,影视UP_003,181,影视,3611337,437373,107379,49629,22570,0.1708,2025-11-01,2025-11-05 15:19:23,模拟数据,22
BV1000441,影视热门视频_23,101365,影视UP_135,181,影视,4388263,455052,59239,104331,5829,0.1423,2025-04-19,2025-11-05 15:19:23,模拟数据,23
BV1000442,影视热门视频_24,101298,影视UP_068,181,影视,631061,18967,7180,5216,2093,0.053,2025-10-06,2025-11-05 15:19:23,模拟数据,24
BV1000443,影视热门视频_25,101351,影视UP_121,181,影视,2113870,59262,49057,32420,5301,0.0691,2025-05-25,2025-11-05 15:19:23,模拟数据,25
BV1000444,影视热门视频_26,101316,影视UP_086,181,影视,2898783,246421,62623,43404,12548,0.1259,2025-10-26,2025-11-05 15:19:23,模拟数据,26
BV1000445,影视热门视频_27,101358,影视UP_128,181,影视,3350487,228780,51252,36889,15300,0.0992,2025-05-06,2025-11-05 15:19:23,模拟数据,27
BV1000446,影视热门视频_28,101307,影视UP_077,181,影视,1624042,134055,19146,18580,9598,0.1117,2024-12-03,2025-11-05 15:19:23,模拟数据,28
BV1000447,影视热门视频_29,101232,影视UP_002,181,影视,4791254,158817,76139,83151,35877,0.0739,2025-08-31,2025-11-05 15:19:23,模拟数据,29
BV1000448,影视热门视频_30,101245,影视UP_015,181,影视,2369798,108343,66577,58202,10803,0.1029,2024-11-05,2025-11-05 15:19:23,模拟数据,30
BV1000449,影视热门视频_31,101364,影视UP_134,181,影视,1449099,30264,43365,31515,7337,0.0776,2025-02-27,2025-11-05 15:19:23,模拟数据,31
BV1000450,影视热门视频_32,101242,影视UP_012,181,影视,1038977,99042,6000,8634,4392,0.1136,2025-10-31,2025-11-05 15:19:23,模拟数据,32
BV1000451,影视热门视频_33,101264,影视UP_034,181,影视,3620771,155018,88340,82053,26055,0.0971,2025-10-18,2025-11-05 15:19:23,模拟数据,33
BV1000452,影视热门视频_34,101357,影视UP_127,181,影视,2849952,105285,83683,67970,19681,0.0971,2025-07-07,2025-11-05 15:19:23,模拟数据,34
BV1000453,影视热门视频_35,101267,影视UP_037,181,影视,4196124,353268,111768,42316,25511,0.127,2025-01-01,2025-11-05 15:19:23,模拟数据,35
BV1000454,影视热门视频_36,101300,影视UP_070,181,影视,1197919,116270,17353,29823,4286,0.14,2024-12-13,2025-11-05 15:19:23,模拟数据,36
BV1000455,影视热门视频_37,101274,影视UP_044,181,影视,476870,53042,9526,11359,2036,0.1593,2025-01-15,2025-11-05 15:19:23,模拟数据,37
BV1000456,影视热门视频_38,101350,影视UP_120,181,影视,4461884,522689,26144,109958,33158,0.1551,2025-05-10,2025-11-05 15:19:23,模拟数据,38
